{
  "Total" : {
    "transaction" : "Total",
    "sampleCount" : 612600,
    "errorCount" : 20,
    "errorPct" : 0.0032647732,
    "meanResTime" : 0.3608047665687109,
    "medianResTime" : 0.0,
    "minResTime" : 0.0,
    "maxResTime" : 615.0,
    "pct1ResTime" : 1.0,
    "pct2ResTime" : 1.0,
    "pct3ResTime" : 1.0,
    "throughput" : 1020.0088913605614,
    "receivedKBytesPerSec" : 152.7160510079373,
    "sentKBytesPerSec" : 357.35283563793433
  },
  "HTTP Request" : {
    "transaction" : "HTTP Request",
    "sampleCount" : 612600,
    "errorCount" : 20,
    "errorPct" : 0.0032647732,
    "meanResTime" : 0.3608047665687109,
    "medianResTime" : 0.0,
    "minResTime" : 0.0,
    "maxResTime" : 615.0,
    "pct1ResTime" : 1.0,
    "pct2ResTime" : 1.0,
    "pct3ResTime" : 1.0,
    "throughput" : 1020.0088913605614,
    "receivedKBytesPerSec" : 152.7160510079373,
    "sentKBytesPerSec" : 357.35283563793433
  }
}